fid,kk,gid,bstt,luas,bsbtt,idsls,kdkab,kdkec,kdsls,nmkab,nmkec,nmsls,bstt_k,kddesa,kdprov,khusus,muatan,nmdesa,nmprov,posisi,rw_dki,segmen,subsls,sumber,dom_sls,periode,tingkat,idsubsls,nm_gedung,wil_campur
1,,588633,,0.006535459056708,,"31730100020070","73","010","0070",JAKARTA PUSAT,TANAH ABANG,RT 008 RW 05,,"002","31",,,BENDUNGAN HILIR,DKI JAKARTA,,,,"00",,,2024_1,,"3173010002007000",,
2,,588735,,0.001193874437295,,"31730100020122","73","010","0122",JAKARTA PUSAT,TANAH ABANG,RT 008 RW 09,,"002","31",,,BENDUNGAN HILIR,DKI JAKARTA,,,,"00",,,2024_1,,"3173010002012200",,
3,,588863,,0.003616255119997,,"31730100020056","73","010","0056",JAKARTA PUSAT,TANAH ABANG,RT 014 RW 04,,"002","31",,,BENDUNGAN HILIR,DKI JAKARTA,,,,"00",,,2024_1,,"3173010002005600",,
4,,588867,,0.01176305419362,,"31730100020011","73","010","0011",JAKARTA PUSAT,TANAH ABANG,RT 011 RW 01,,"002","31",,,BENDUNGAN HILIR,DKI JAKARTA,,,,"00",,,2024_1,,"3173010002001100",,
5,,588868,,0.0006694006977,,"31730100020115","73","010","0115",JAKARTA PUSAT,TANAH ABANG,RT 001 RW 09,,"002","31",,,BENDUNGAN HILIR,DKI JAKARTA,,,,"00",,,2024_1,,"3173010002011500",,
6,,588869,,0.041752336681372,,"31730100025003","73","010","5003",JAKARTA PUSAT,TANAH ABANG,LAHAN PERSIAPAN,,"002","31",,,BENDUNGAN HILIR,DKI JAKARTA,,,,"00",,,2024_1,,"3173010002500300",,
7,,588870,,0.012209791841301,,"31730100020028","73","010","0028",JAKARTA PUSAT,TANAH ABANG,RT 015 RW 02,,"002","31",,,BENDUNGAN HILIR,DKI JAKARTA,,,,"00",,,2024_1,,"3173010002002800",,
8,,588871,,0.005600405464848,,"31730100020021","73","010","0021",JAKARTA PUSAT,TANAH ABANG,RT 008 RW 02,,"002","31",,,BENDUNGAN HILIR,DKI JAKARTA,,,,"00",,,2024_1,,"3173010002002100",,
9,,588872,,0.031263713077306,,"31730100020034","73","010","0034",JAKARTA PUSAT,TANAH ABANG,RT 006 RW 03,,"002","31",,,BENDUNGAN HILIR,DKI JAKARTA,,,,"00",,,2024_1,,"3173010002003400",,
10,,588873,,0.035803335249603,,"31730100020084","73","010","0084",JAKARTA PUSAT,TANAH ABANG,RT 010 RW 06,,"002","31",,,BENDUNGAN HILIR,DKI JAKARTA,,,,"00",,,2024_1,,"3173010002008400",,
11,,588875,,0.015712733647331,,"31730100020003","73","010","0003",JAKARTA PUSAT,TANAH ABANG,RT 003 RW 01,,"002","31",,,BENDUNGAN HILIR,DKI JAKARTA,,,,"00",,,2024_1,,"3173010002000300",,
12,,588876,,0.050613914472888,,"31730100020064","73","010","0064",JAKARTA PUSAT,TANAH ABANG,RT 002 RW 05,,"002","31",,,BENDUNGAN HILIR,DKI JAKARTA,,,,"00",,,2024_1,,"3173010002006400",,
13,,588877,,0.010802668031588,,"31730100020016","73","010","0016",JAKARTA PUSAT,TANAH ABANG,RT 003 RW 02,,"002","31",,,BENDUNGAN HILIR,DKI JAKARTA,,,,"00",,,2024_1,,"3173010002001600",,
14,,588878,,0.018659559550517,,"31730100020065","73","010","0065",JAKARTA PUSAT,TANAH ABANG,RT 003 RW 05,,"002","31",,,BENDUNGAN HILIR,DKI JAKARTA,,,,"00",,,2024_1,,"3173010002006500",,
15,,588879,,0.001802393767166,,"31730100020092","73","010","0092",JAKARTA PUSAT,TANAH ABANG,RT 003 RW 07,,"002","31",,,BENDUNGAN HILIR,DKI JAKARTA,,,,"00",,,2024_1,,"3173010002009200",,
16,,588880,,0.012638099367027,,"31730100020032","73","010","0032",JAKARTA PUSAT,TANAH ABANG,RT 004 RW 03,,"002","31",,,BENDUNGAN HILIR,DKI JAKARTA,,,,"00",,,2024_1,,"3173010002003200",,
17,,588881,,0.012379812224989,,"31730100020042","73","010","0042",JAKARTA PUSAT,TANAH ABANG,RT 014 RW 03,,"002","31",,,BENDUNGAN HILIR,DKI JAKARTA,,,,"00",,,2024_1,,"3173010002004200",,
18,,588882,,0.002931267554513,,"31730100020100","73","010","0100",JAKARTA PUSAT,TANAH ABANG,RT 011 RW 07,,"002","31",,,BENDUNGAN HILIR,DKI JAKARTA,,,,"00",,,2024_1,,"3173010002010000",,
19,,588883,,0.0003127249572,,"31730100020113","73","010","0113",JAKARTA PUSAT,TANAH ABANG,RT 010 RW 08,,"002","31",,,BENDUNGAN HILIR,DKI JAKARTA,,,,"00",,,2024_1,,"3173010002011300",,
20,,588884,,0.000317609802907,,"31730100020117","73","010","0117",JAKARTA PUSAT,TANAH ABANG,RT 003 RW 09,,"002","31",,,BENDUNGAN HILIR,DKI JAKARTA,,,,"00",,,2024_1,,"3173010002011700",,
21,,588885,,0.010660374497604,,"31730100020058","73","010","0058",JAKARTA PUSAT,TANAH ABANG,RT 016 RW 04,,"002","31",,,BENDUNGAN HILIR,DKI JAKARTA,,,,"00",,,2024_1,,"3173010002005800",,
22,,588886,,0.000165887830431,,"31730100020106","73","010","0106",JAKARTA PUSAT,TANAH ABANG,RT 003 RW 08,,"002","31",,,BENDUNGAN HILIR,DKI JAKARTA,,,,"00",,,2024_1,,"3173010002010600",,
23,,588887,,0.000216247420442,,"31730100020108","73","010","0108",JAKARTA PUSAT,TANAH ABANG,RT 005 RW 08,,"002","31",,,BENDUNGAN HILIR,DKI JAKARTA,,,,"00",,,2024_1,,"3173010002010800",,
24,,588888,,0.001379978370228,,"31730100020103","73","010","0103",JAKARTA PUSAT,TANAH ABANG,RT 014 RW 07,,"002","31",,,BENDUNGAN HILIR,DKI JAKARTA,,,,"00",,,2024_1,,"3173010002010300",,
25,,588889,,0.018777373745436,,"31730100020018","73","010","0018",JAKARTA PUSAT,TANAH ABANG,RT 005 RW 02,,"002","31",,,BENDUNGAN HILIR,DKI JAKARTA,,,,"00",,,2024_1,,"3173010002001800",,
26,,588890,,0.032221522516832,,"31730100020090","73","010","0090",JAKARTA PUSAT,TANAH ABANG,RT 001 RW 07,,"002","31",,,BENDUNGAN HILIR,DKI JAKARTA,,,,"00",,,2024_1,,"3173010002009000",,
27,,588891,,0.003515139603277,,"31730100020102","73","010","0102",JAKARTA PUSAT,TANAH ABANG,RT 013 RW 07,,"002","31",,,BENDUNGAN HILIR,DKI JAKARTA,,,,"00",,,2024_1,,"3173010002010200",,
28,,588892,,0.012855012733368,,"31730100020039","73","010","0039",JAKARTA PUSAT,TANAH ABANG,RT 011 RW 03,,"002","31",,,BENDUNGAN HILIR,DKI JAKARTA,,,,"00",,,2024_1,,"3173010002003900",,
29,,588893,,0.008789933806692,,"31730100020004","73","010","0004",JAKARTA PUSAT,TANAH ABANG,RT 004 RW 01,,"002","31",,,BENDUNGAN HILIR,DKI JAKARTA,,,,"00",,,2024_1,,"3173010002000400",,
30,,588894,,0.000202656137757,,"31730100020107","73","010","0107",JAKARTA PUSAT,TANAH ABANG,RT 004 RW 08,,"002","31",,,BENDUNGAN HILIR,DKI JAKARTA,,,,"00",,,2024_1,,"3173010002010700",,
31,,588895,,0.020367715663465,,"31730100020080","73","010","0080",JAKARTA PUSAT,TANAH ABANG,RT 006 RW 06,,"002","31",,,BENDUNGAN HILIR,DKI JAKARTA,,,,"00",,,2024_1,,"3173010002008000",,
32,,588896,,0.010766698877516,,"31730100020076","73","010","0076",JAKARTA PUSAT,TANAH ABANG,RT 002 RW 06,,"002","31",,,BENDUNGAN HILIR,DKI JAKARTA,,,,"00",,,2024_1,,"3173010002007600",,
33,,588897,,0.001815178902288,,"31730100020096","73","010","0096",JAKARTA PUSAT,TANAH ABANG,RT 007 RW 07,,"002","31",,,BENDUNGAN HILIR,DKI JAKARTA,,,,"00",,,2024_1,,"3173010002009600",,
34,,588898,,0.000351075301024,,"31730100020121","73","010","0121",JAKARTA PUSAT,TANAH ABANG,RT 007 RW 09,,"002","31",,,BENDUNGAN HILIR,DKI JAKARTA,,,,"00",,,2024_1,,"3173010002012100",,
35,,588899,,0.030862686553045,,"31730100020104","73","010","0104",JAKARTA PUSAT,TANAH ABANG,RT 001 RW 08,,"002","31",,,BENDUNGAN HILIR,DKI JAKARTA,,,,"00",,,2024_1,,"3173010002010400",,
36,,588900,,0.004601158438413,,"31730100020079","73","010","0079",JAKARTA PUSAT,TANAH ABANG,RT 005 RW 06,,"002","31",,,BENDUNGAN HILIR,DKI JAKARTA,,,,"00",,,2024_1,,"3173010002007900",,
37,,588901,,0.005048087636521,,"31730100020035","73","010","0035",JAKARTA PUSAT,TANAH ABANG,RT 007 RW 03,,"002","31",,,BENDUNGAN HILIR,DKI JAKARTA,,,,"00",,,2024_1,,"3173010002003500",,
38,,588902,,0.00402178112979,,"31730100020067","73","010","0067",JAKARTA PUSAT,TANAH ABANG,RT 005 RW 05,,"002","31",,,BENDUNGAN HILIR,DKI JAKARTA,,,,"00",,,2024_1,,"3173010002006700",,
39,,588903,,0.01988549359785,,"31730100020063","73","010","0063",JAKARTA PUSAT,TANAH ABANG,RT 021 RW 04,,"002","31",,,BENDUNGAN HILIR,DKI JAKARTA,,,,"00",,,2024_1,,"3173010002006300",,
40,,588905,,0.015790000718754,,"31730100020047","73","010","0047",JAKARTA PUSAT,TANAH ABANG,RT 005 RW 04,,"002","31",,,BENDUNGAN HILIR,DKI JAKARTA,,,,"00",,,2024_1,,"3173010002004700",,
41,,588906,,0.004727435265419,,"31730100020020","73","010","0020",JAKARTA PUSAT,TANAH ABANG,RT 007 RW 02,,"002","31",,,BENDUNGAN HILIR,DKI JAKARTA,,,,"00",,,2024_1,,"3173010002002000",,
42,,588907,,0.029941592173082,,"31730100020074","73","010","0074",JAKARTA PUSAT,TANAH ABANG,RT 012 RW 05,,"002","31",,,BENDUNGAN HILIR,DKI JAKARTA,,,,"00",,,2024_1,,"3173010002007400",,
43,,588908,,0.01324406493943,,"31730100020081","73","010","0081",JAKARTA PUSAT,TANAH ABANG,RT 007 RW 06,,"002","31",,,BENDUNGAN HILIR,DKI JAKARTA,,,,"00",,,2024_1,,"3173010002008100",,
44,,588909,,0.018077230656908,,"31730100020048","73","010","0048",JAKARTA PUSAT,TANAH ABANG,RT 006 RW 04,,"002","31",,,BENDUNGAN HILIR,DKI JAKARTA,,,,"00",,,2024_1,,"3173010002004800",,
45,,588910,,0.007097525626659,,"31730100020068","73","010","0068",JAKARTA PUSAT,TANAH ABANG,RT 006 RW 05,,"002","31",,,BENDUNGAN HILIR,DKI JAKARTA,,,,"00",,,2024_1,,"3173010002006800",,
46,,588911,,0.031502088395221,,"31730100020062","73","010","0062",JAKARTA PUSAT,TANAH ABANG,RT 020 RW 04,,"002","31",,,BENDUNGAN HILIR,DKI JAKARTA,,,,"00",,,2024_1,,"3173010002006200",,
47,,588912,,0.014497149968464,,"31730100020041","73","010","0041",JAKARTA PUSAT,TANAH ABANG,RT 013 RW 03,,"002","31",,,BENDUNGAN HILIR,DKI JAKARTA,,,,"00",,,2024_1,,"3173010002004100",,
48,,588913,,0.011167713641916,,"31730100020030","73","010","0030",JAKARTA PUSAT,TANAH ABANG,RT 002 RW 03,,"002","31",,,BENDUNGAN HILIR,DKI JAKARTA,,,,"00",,,2024_1,,"3173010002003000",,
49,,588914,,0.000306167966213,,"31730100020116","73","010","0116",JAKARTA PUSAT,TANAH ABANG,RT 002 RW 09,,"002","31",,,BENDUNGAN HILIR,DKI JAKARTA,,,,"00",,,2024_1,,"3173010002011600",,
50,,588915,,0.073255931917954,,"31730100025004","73","010","5004",JAKARTA PUSAT,TANAH ABANG,RS ANGKATAN LAUT MINTOHARJO,,"002","31",,,BENDUNGAN HILIR,DKI JAKARTA,,,,"00",,,2024_1,,"3173010002500400",,
51,,588916,,0.01630326711566,,"31730100020082","73","010","0082",JAKARTA PUSAT,TANAH ABANG,RT 008 RW 06,,"002","31",,,BENDUNGAN HILIR,DKI JAKARTA,,,,"00",,,2024_1,,"3173010002008200",,
52,,588917,,0.005559470063012,,"31730100020078","73","010","0078",JAKARTA PUSAT,TANAH ABANG,RT 004 RW 06,,"002","31",,,BENDUNGAN HILIR,DKI JAKARTA,,,,"00",,,2024_1,,"3173010002007800",,
53,,588918,,0.000723984144577,,"31730100020123","73","010","0123",JAKARTA PUSAT,TANAH ABANG,RT 009 RW 09,,"002","31",,,BENDUNGAN HILIR,DKI JAKARTA,,,,"00",,,2024_1,,"3173010002012300",,
54,,588919,,0.019952523129397,,"31730100020087","73","010","0087",JAKARTA PUSAT,TANAH ABANG,RT 013 RW 06,,"002","31",,,BENDUNGAN HILIR,DKI JAKARTA,,,,"00",,,2024_1,,"3173010002008700",,
56,,588921,,0.009905980828391,,"31730100020045","73","010","0045",JAKARTA PUSAT,TANAH ABANG,RT 003 RW 04,,"002","31",,,BENDUNGAN HILIR,DKI JAKARTA,,,,"00",,,2024_1,,"3173010002004500",,
57,,588922,,0.010514244725618,,"31730100020002","73","010","0002",JAKARTA PUSAT,TANAH ABANG,RT 002 RW 01,,"002","31",,,BENDUNGAN HILIR,DKI JAKARTA,,,,"00",,,2024_1,,"3173010002000200",,
58,,588923,,0.00024694088151,,"31730100020105","73","010","0105",JAKARTA PUSAT,TANAH ABANG,RT 002 RW 08,,"002","31",,,BENDUNGAN HILIR,DKI JAKARTA,,,,"00",,,2024_1,,"3173010002010500",,
59,,588924,,0.01468540977805,,"31730100020066","73","010","0066",JAKARTA PUSAT,TANAH ABANG,RT 004 RW 05,,"002","31",,,BENDUNGAN HILIR,DKI JAKARTA,,,,"00",,,2024_1,,"3173010002006600",,
60,,588925,,0.002937062481431,,"31730100020093","73","010","0093",JAKARTA PUSAT,TANAH ABANG,RT 004 RW 07,,"002","31",,,BENDUNGAN HILIR,DKI JAKARTA,,,,"00",,,2024_1,,"3173010002009300",,
61,,588926,,0.018296335951086,,"31730100020088","73","010","0088",JAKARTA PUSAT,TANAH ABANG,RT 014 RW 06,,"002","31",,,BENDUNGAN HILIR,DKI JAKARTA,,,,"00",,,2024_1,,"3173010002008800",,
62,,588927,,0.008897378794718,,"31730100020043","73","010","0043",JAKARTA PUSAT,TANAH ABANG,RT 001 RW 04,,"002","31",,,BENDUNGAN HILIR,DKI JAKARTA,,,,"00",,,2024_1,,"3173010002004300",,
63,,588928,,0.00588045582275,,"31730100020054","73","010","0054",JAKARTA PUSAT,TANAH ABANG,RT 012 RW 04,,"002","31",,,BENDUNGAN HILIR,DKI JAKARTA,,,,"00",,,2024_1,,"3173010002005400",,
64,,588929,,0.007849749475536,,"31730100020059","73","010","0059",JAKARTA PUSAT,TANAH ABANG,RT 017 RW 04,,"002","31",,,BENDUNGAN HILIR,DKI JAKARTA,,,,"00",,,2024_1,,"3173010002005900",,
65,,588930,,0.006338646387352,,"31730100020083","73","010","0083",JAKARTA PUSAT,TANAH ABANG,RT 009 RW 06,,"002","31",,,BENDUNGAN HILIR,DKI JAKARTA,,,,"00",,,2024_1,,"3173010002008300",,
66,,588931,,0.000540207562442,,"31730100020111","73","010","0111",JAKARTA PUSAT,TANAH ABANG,RT 008 RW 08,,"002","31",,,BENDUNGAN HILIR,DKI JAKARTA,,,,"00",,,2024_1,,"3173010002011100",,
67,,588932,,0.008847902259524,,"31730100020052","73","010","0052",JAKARTA PUSAT,TANAH ABANG,RT 010 RW 04,,"002","31",,,BENDUNGAN HILIR,DKI JAKARTA,,,,"00",,,2024_1,,"3173010002005200",,
68,,588933,,0.00716412103937,,"31730100020060","73","010","0060",JAKARTA PUSAT,TANAH ABANG,RT 018 RW 04,,"002","31",,,BENDUNGAN HILIR,DKI JAKARTA,,,,"00",,,2024_1,,"3173010002006000",,
69,,588934,,0.000330350218845,,"31730100020120","73","010","0120",JAKARTA PUSAT,TANAH ABANG,RT 006 RW 09,,"002","31",,,BENDUNGAN HILIR,DKI JAKARTA,,,,"00",,,2024_1,,"3173010002012000",,
70,,588935,,0.008924665260036,,"31730100020118","73","010","0118",JAKARTA PUSAT,TANAH ABANG,RT 004 RW 09,,"002","31",,,BENDUNGAN HILIR,DKI JAKARTA,,,,"00",,,2024_1,,"3173010002011800",,
71,,588936,,0.010032749576456,,"31730100020051","73","010","0051",JAKARTA PUSAT,TANAH ABANG,RT 009 RW 04,,"002","31",,,BENDUNGAN HILIR,DKI JAKARTA,,,,"00",,,2024_1,,"3173010002005100",,
72,,588937,,0.005830819811214,,"31730100020019","73","010","0019",JAKARTA PUSAT,TANAH ABANG,RT 006 RW 02,,"002","31",,,BENDUNGAN HILIR,DKI JAKARTA,,,,"00",,,2024_1,,"3173010002001900",,
73,,588938,,0.006779378625595,,"31730100020005","73","010","0005",JAKARTA PUSAT,TANAH ABANG,RT 005 RW 01,,"002","31",,,BENDUNGAN HILIR,DKI JAKARTA,,,,"00",,,2024_1,,"3173010002000500",,
74,,588939,,0.007034058755161,,"31730100020027","73","010","0027",JAKARTA PUSAT,TANAH ABANG,RT 014 RW 02,,"002","31",,,BENDUNGAN HILIR,DKI JAKARTA,,,,"00",,,2024_1,,"3173010002002700",,
75,,588940,,0.007058252688525,,"31730100020010","73","010","0010",JAKARTA PUSAT,TANAH ABANG,RT 010 RW 01,,"002","31",,,BENDUNGAN HILIR,DKI JAKARTA,,,,"00",,,2024_1,,"3173010002001000",,
76,,588941,,0.012881709639477,,"31730100020072","73","010","0072",JAKARTA PUSAT,TANAH ABANG,RT 010 RW 05,,"002","31",,,BENDUNGAN HILIR,DKI JAKARTA,,,,"00",,,2024_1,,"3173010002007200",,
77,,588942,,0.013299024011674,,"31730100020029","73","010","0029",JAKARTA PUSAT,TANAH ABANG,RT 001 RW 03,,"002","31",,,BENDUNGAN HILIR,DKI JAKARTA,,,,"00",,,2024_1,,"3173010002002900",,
78,,588943,,0.003545741626308,,"31730100020097","73","010","0097",JAKARTA PUSAT,TANAH ABANG,RT 008 RW 07,,"002","31",,,BENDUNGAN HILIR,DKI JAKARTA,,,,"00",,,2024_1,,"3173010002009700",,
79,,588944,,0.010985649770221,,"31730100020015","73","010","0015",JAKARTA PUSAT,TANAH ABANG,RT 002 RW 02,,"002","31",,,BENDUNGAN HILIR,DKI JAKARTA,,,,"00",,,2024_1,,"3173010002001500",,
80,,588945,,0.011132586474003,,"31730100020061","73","010","0061",JAKARTA PUSAT,TANAH ABANG,RT 019 RW 04,,"002","31",,,BENDUNGAN HILIR,DKI JAKARTA,,,,"00",,,2024_1,,"3173010002006100",,
81,,588946,,0.002994409168982,,"31730100020099","73","010","0099",JAKARTA PUSAT,TANAH ABANG,RT 010 RW 07,,"002","31",,,BENDUNGAN HILIR,DKI JAKARTA,,,,"00",,,2024_1,,"3173010002009900",,
82,,588947,,0.016800305802627,,"31730100020069","73","010","0069",JAKARTA PUSAT,TANAH ABANG,RT 007 RW 05,,"002","31",,,BENDUNGAN HILIR,DKI JAKARTA,,,,"00",,,2024_1,,"3173010002006900",,
83,,588948,,0.012630108367571,,"31730100020073","73","010","0073",JAKARTA PUSAT,TANAH ABANG,RT 011 RW 05,,"002","31",,,BENDUNGAN HILIR,DKI JAKARTA,,,,"00",,,2024_1,,"3173010002007300",,
84,,588949,,0.004936623582323,,"31730100020026","73","010","0026",JAKARTA PUSAT,TANAH ABANG,RT 013 RW 02,,"002","31",,,BENDUNGAN HILIR,DKI JAKARTA,,,,"00",,,2024_1,,"3173010002002600",,
85,,588950,,0.000583622294486,,"31730100020114","73","010","0114",JAKARTA PUSAT,TANAH ABANG,RT 011 RW 08,,"002","31",,,BENDUNGAN HILIR,DKI JAKARTA,,,,"00",,,2024_1,,"3173010002011400",,
86,,588951,,0.016040986002589,,"31730100020086","73","010","0086",JAKARTA PUSAT,TANAH ABANG,RT 012 RW 06,,"002","31",,,BENDUNGAN HILIR,DKI JAKARTA,,,,"00",,,2024_1,,"3173010002008600",,
87,,588952,,0.006643095772894,,"31730100020094","73","010","0094",JAKARTA PUSAT,TANAH ABANG,RT 005 RW 07,,"002","31",,,BENDUNGAN HILIR,DKI JAKARTA,,,,"00",,,2024_1,,"3173010002009400",,
88,,588953,,0.017802690045118,,"31730100020025","73","010","0025",JAKARTA PUSAT,TANAH ABANG,RT 012 RW 02,,"002","31",,,BENDUNGAN HILIR,DKI JAKARTA,,,,"00",,,2024_1,,"3173010002002500",,
89,,588954,,0.059584326461891,,"31730100025006","73","010","5006",JAKARTA PUSAT,TANAH ABANG,PT. PAM JAYA,,"002","31",,,BENDUNGAN HILIR,DKI JAKARTA,,,,"00",,,2024_1,,"3173010002500600",,
90,,588955,,0.001761284179236,,"31730100020095","73","010","0095",JAKARTA PUSAT,TANAH ABANG,RT 006 RW 07,,"002","31",,,BENDUNGAN HILIR,DKI JAKARTA,,,,"00",,,2024_1,,"3173010002009500",,
91,,588956,,0.023480138228468,,"31730100020022","73","010","0022",JAKARTA PUSAT,TANAH ABANG,RT 009 RW 02,,"002","31",,,BENDUNGAN HILIR,DKI JAKARTA,,,,"00",,,2024_1,,"3173010002002200",,
92,,588957,,0.007277336408666,,"31730100020046","73","010","0046",JAKARTA PUSAT,TANAH ABANG,RT 004 RW 04,,"002","31",,,BENDUNGAN HILIR,DKI JAKARTA,,,,"00",,,2024_1,,"3173010002004600",,
93,,588958,,0.003401980937987,,"31730100020077","73","010","0077",JAKARTA PUSAT,TANAH ABANG,RT 003 RW 06,,"002","31",,,BENDUNGAN HILIR,DKI JAKARTA,,,,"00",,,2024_1,,"3173010002007700",,
94,,588959,,0.017280511709899,,"31730100020014","73","010","0014",JAKARTA PUSAT,TANAH ABANG,RT 001 RW 02,,"002","31",,,BENDUNGAN HILIR,DKI JAKARTA,,,,"00",,,2024_1,,"3173010002001400",,
95,,588960,,0.014266565296358,,"31730100020037","73","010","0037",JAKARTA PUSAT,TANAH ABANG,RT 009 RW 03,,"002","31",,,BENDUNGAN HILIR,DKI JAKARTA,,,,"00",,,2024_1,,"3173010002003700",,
96,,588961,,0.007453273245424,,"31730100020023","73","010","0023",JAKARTA PUSAT,TANAH ABANG,RT 010 RW 02,,"002","31",,,BENDUNGAN HILIR,DKI JAKARTA,,,,"00",,,2024_1,,"3173010002002300",,
97,,588962,,0.030772663089835,,"31730100020024","73","010","0024",JAKARTA PUSAT,TANAH ABANG,RT 011 RW 02,,"002","31",,,BENDUNGAN HILIR,DKI JAKARTA,,,,"00",,,2024_1,,"3173010002002400",,
98,,588963,,0.028976482099901,,"31730100025005","73","010","5005",JAKARTA PUSAT,TANAH ABANG,MENARA BNI,,"002","31",,,BENDUNGAN HILIR,DKI JAKARTA,,,,"00",,,2024_1,,"3173010002500500",,
99,,588964,,0.003414453891592,,"31730100020006","73","010","0006",JAKARTA PUSAT,TANAH ABANG,RT 006 RW 01,,"002","31",,,BENDUNGAN HILIR,DKI JAKARTA,,,,"00",,,2024_1,,"3173010002000600",,
100,,588965,,0.009991255576779,,"31730100020044","73","010","0044",JAKARTA PUSAT,TANAH ABANG,RT 002 RW 04,,"002","31",,,BENDUNGAN HILIR,DKI JAKARTA,,,,"00",,,2024_1,,"3173010002004400",,
101,,588966,,0.000213509795794,,"31730100020109","73","010","0109",JAKARTA PUSAT,TANAH ABANG,RT 006 RW 08,,"002","31",,,BENDUNGAN HILIR,DKI JAKARTA,,,,"00",,,2024_1,,"3173010002010900",,
102,,588967,,0.012968310983319,,"31730100020053","73","010","0053",JAKARTA PUSAT,TANAH ABANG,RT 011 RW 04,,"002","31",,,BENDUNGAN HILIR,DKI JAKARTA,,,,"00",,,2024_1,,"3173010002005300",,
103,,588968,,0.005365904679261,,"31730100020013","73","010","0013",JAKARTA PUSAT,TANAH ABANG,RT 013 RW 01,,"002","31",,,BENDUNGAN HILIR,DKI JAKARTA,,,,"00",,,2024_1,,"3173010002001300",,
104,,588969,,0.010745545881308,,"31730100020038","73","010","0038",JAKARTA PUSAT,TANAH ABANG,RT 010 RW 03,,"002","31",,,BENDUNGAN HILIR,DKI JAKARTA,,,,"00",,,2024_1,,"3173010002003800",,
105,,588970,,0.082536582409601,,"31730100020089","73","010","0089",JAKARTA PUSAT,TANAH ABANG,RT 015 RW 06,,"002","31",,,BENDUNGAN HILIR,DKI JAKARTA,,,,"00",,,2024_1,,"3173010002008900",,
106,,588971,,0.017324651942436,,"31730100020075","73","010","0075",JAKARTA PUSAT,TANAH ABANG,RT 013 RW 05,,"002","31",,,BENDUNGAN HILIR,DKI JAKARTA,,,,"00",,,2024_1,,"3173010002007500",,
107,,588972,,0.00654278001888,,"31730100020040","73","010","0040",JAKARTA PUSAT,TANAH ABANG,RT 012 RW 03,,"002","31",,,BENDUNGAN HILIR,DKI JAKARTA,,,,"00",,,2024_1,,"3173010002004000",,
108,,588973,,0.030228346256273,,"31730100022001","73","010","2001",JAKARTA PUSAT,TANAH ABANG,TAMAN SEMANGGI,,"002","31",,,BENDUNGAN HILIR,DKI JAKARTA,,,,"00",,,2024_1,,"3173010002200100",,
109,,588974,,0.003279036988251,,"31730100020098","73","010","0098",JAKARTA PUSAT,TANAH ABANG,RT 009 RW 07,,"002","31",,,BENDUNGAN HILIR,DKI JAKARTA,,,,"00",,,2024_1,,"3173010002009800",,
110,,588975,,0.014033895360942,,"31730100020049","73","010","0049",JAKARTA PUSAT,TANAH ABANG,RT 007 RW 04,,"002","31",,,BENDUNGAN HILIR,DKI JAKARTA,,,,"00",,,2024_1,,"3173010002004900",,
111,,588976,,0.010599799768494,,"31730100020071","73","010","0071",JAKARTA PUSAT,TANAH ABANG,RT 009 RW 05,,"002","31",,,BENDUNGAN HILIR,DKI JAKARTA,,,,"00",,,2024_1,,"3173010002007100",,
112,,588977,,0.000277467903099,,"31730100020110","73","010","0110",JAKARTA PUSAT,TANAH ABANG,RT 007 RW 08,,"002","31",,,BENDUNGAN HILIR,DKI JAKARTA,,,,"00",,,2024_1,,"3173010002011000",,
113,,588978,,0.006911869027754,,"31730100020031","73","010","0031",JAKARTA PUSAT,TANAH ABANG,RT 003 RW 03,,"002","31",,,BENDUNGAN HILIR,DKI JAKARTA,,,,"00",,,2024_1,,"3173010002003100",,
114,,588979,,0.008479481233859,,"31730100020036","73","010","0036",JAKARTA PUSAT,TANAH ABANG,RT 008 RW 03,,"002","31",,,BENDUNGAN HILIR,DKI JAKARTA,,,,"00",,,2024_1,,"3173010002003600",,
115,,588980,,0.006698334104266,,"31730100020055","73","010","0055",JAKARTA PUSAT,TANAH ABANG,RT 013 RW 04,,"002","31",,,BENDUNGAN HILIR,DKI JAKARTA,,,,"00",,,2024_1,,"3173010002005500",,
116,,588981,,0.000322306260624,,"31730100020112","73","010","0112",JAKARTA PUSAT,TANAH ABANG,RT 009 RW 08,,"002","31",,,BENDUNGAN HILIR,DKI JAKARTA,,,,"00",,,2024_1,,"3173010002011200",,
117,,588982,,0.001083238147808,,"31730100020119","73","010","0119",JAKARTA PUSAT,TANAH ABANG,RT 005 RW 09,,"002","31",,,BENDUNGAN HILIR,DKI JAKARTA,,,,"00",,,2024_1,,"3173010002011900",,
118,,588983,,0.052031202189863,,"31730100025002","73","010","5002",JAKARTA PUSAT,TANAH ABANG,WILAYAH PERKANTORAN BRI I DAN BRI II,,"002","31",,,BENDUNGAN HILIR,DKI JAKARTA,,,,"00",,,2024_1,,"3173010002500200",,
119,,588984,,0.00573818751074,,"31730100020057","73","010","0057",JAKARTA PUSAT,TANAH ABANG,RT 015 RW 04,,"002","31",,,BENDUNGAN HILIR,DKI JAKARTA,,,,"00",,,2024_1,,"3173010002005700",,
120,,588985,,0.006564792666029,,"31730100020012","73","010","0012",JAKARTA PUSAT,TANAH ABANG,RT 012 RW 01,,"002","31",,,BENDUNGAN HILIR,DKI JAKARTA,,,,"00",,,2024_1,,"3173010002001200",,
121,,588987,,0.015530275911863,,"31730100020091","73","010","0091",JAKARTA PUSAT,TANAH ABANG,RT 002 RW 07,,"002","31",,,BENDUNGAN HILIR,DKI JAKARTA,,,,"00",,,2024_1,,"3173010002009100",,
122,,588988,,0.007700597981485,,"31730100020007","73","010","0007",JAKARTA PUSAT,TANAH ABANG,RT 007 RW 01,,"002","31",,,BENDUNGAN HILIR,DKI JAKARTA,,,,"00",,,2024_1,,"3173010002000700",,
123,,588990,,0.032552332534266,,"31730100020085","73","010","0085",JAKARTA PUSAT,TANAH ABANG,RT 011 RW 06,,"002","31",,,BENDUNGAN HILIR,DKI JAKARTA,,,,"00",,,2024_1,,"3173010002008500",,
124,,588991,,0.002621483415088,,"31730100020001","73","010","0001",JAKARTA PUSAT,TANAH ABANG,RT 001 RW 01,,"002","31",,,BENDUNGAN HILIR,DKI JAKARTA,,,,"00",,,2024_1,,"3173010002000100",,
125,,588992,,0.003744069082652,,"31730100020101","73","010","0101",JAKARTA PUSAT,TANAH ABANG,RT 012 RW 07,,"002","31",,,BENDUNGAN HILIR,DKI JAKARTA,,,,"00",,,2024_1,,"3173010002010100",,
126,,588993,,0.010980075422822,,"31730100020050","73","010","0050",JAKARTA PUSAT,TANAH ABANG,RT 008 RW 04,,"002","31",,,BENDUNGAN HILIR,DKI JAKARTA,,,,"00",,,2024_1,,"3173010002005000",,
127,,588994,,0.006566745580737,,"31730100020008","73","010","0008",JAKARTA PUSAT,TANAH ABANG,RT 008 RW 01,,"002","31",,,BENDUNGAN HILIR,DKI JAKARTA,,,,"00",,,2024_1,,"3173010002000800",,
128,,588996,,0.011966293278043,,"31730100020009","73","010","0009",JAKARTA PUSAT,TANAH ABANG,RT 009 RW 01,,"002","31",,,BENDUNGAN HILIR,DKI JAKARTA,,,,"00",,,2024_1,,"3173010002000900",,
129,,588997,,0.022823222276759,,"31730100020017","73","010","0017",JAKARTA PUSAT,TANAH ABANG,RT 004 RW 02,,"002","31",,,BENDUNGAN HILIR,DKI JAKARTA,,,,"00",,,2024_1,,"3173010002001700",,
131,,588978,,0.006911869027754,,"31730100020031","73","010","0031",JAKARTA PUSAT,TANAH ABANG,RT 003 RW 03,,"002","31",,,BENDUNGAN HILIR,DKI JAKARTA,,,,"00",,,2024_1,,"3173010002003100",,
105,,588970,,0.082536582409601,,"31730100020089","73","010","0089",JAKARTA PUSAT,TANAH ABANG,RT 015 RW 06,,"002","31",,,BENDUNGAN HILIR,DKI JAKARTA,,,,"00",,,2024_1,,"3173010002008900",,
